상품명,제조사,평균가격,조사일
120시간 숙성 팥(500g),농업회사법인대상,15900.0,2025-07-04
1등급 다향 훈제오리(500g),팜덕,19175.45945945946,2025-07-04
2080 오리지날 미세모(10개),애경,7042.473684210527,2025-07-04
2080 파워쉴드 블루더블민트(120g),애경,2678.7969924812032,2025-07-04
2080 파워쉴드 블루더블민트(3개),애경,8891.616,2025-07-04
3M 스카치브라이트 물걸레청소포 대형(20매),한국3M,16825.51948051948,2025-07-04
3M 스카치브라이트 물걸레청소포 표준형(20매),한국3M,13510.097087378641,2025-07-04
3M 후레쉬 스탠딩 슬라이드 지퍼백 중형(21cm x 16cm x 6cm),한국3M,6101.25,2025-07-04
3분 백세카레 약간 매운맛(200g),오뚜기,3494.2967542503866,2025-07-04
3분 쇠고기짜장(200g),오뚜기,1796.723163841808,2025-07-04
3분 쇠고기카레(200g),오뚜기,1796.1538461538462,2025-07-04
96시간 숙성 서리태(500g),농업회사법인광복,8900.0,2025-07-04
96시간 숙성 현미(1kg),농업회사법인광복,5480.0,2025-07-04
CJ 1+등급 건강란(대란 15개),CJ제일제당,8980.0,2025-07-04
CJ 목초 동물복지 유정란(대란 15개),CJ제일제당,11915.483870967742,2025-07-04
CJ 행복한콩 안심아삭 콩나물(380g),CJ제일제당,1897.6119402985075,2025-07-04
Dole 파인애플 슬라이스(836g),동원에프앤비,4997.992831541219,2025-07-04
PACE6 스타일 면도날(4개),도루코,17750.0,2025-07-04
e-쿠킹호일(25cm*30m),삼아삭스호일,6794.366197183099,2025-07-04
가그린 오리지널(750ml),동아제약,7243.039049235993,2025-07-04
"갈치(냉동, 100g)",일반,3086.157894736842,2025-07-04
"갈치(생물, 100g)",일반,6847.333333333333,2025-07-04
"감자(껍질 있는 감자, 100g)",일반,549.9166666666666,2025-07-04
게토레이 레몬(600ml),롯데칠성음료,1729.1705069124423,2025-07-04
경천 시골볶음참깨(230g),경천식품,3975.5140186915887,2025-07-04
"고구마(껍질 있는 밤고구마, 100g)",일반,718.3636363636364,2025-07-04
"고구마(껍질 있는 호박고구마, 100g)",일반,974.5652173913044,2025-07-04
"고등어(생물, 300~500g)",일반,7926.0,2025-07-04
고메 바삭튀겨낸 통등심돈카츠(450g),CJ제일제당,10596.0,2025-07-04
고소한옥수수 모닝롤(14개입),롯데웰푸드,4263.231046931408,2025-07-04
고향만두(900g),해태제과,8745.737704918032,2025-07-04
곰표 밀가루 중력다목적용(1kg),대한제분,2046.8174474959612,2025-07-04
곰표 우리밀밀가루 중력분(900g),대한제분,3280.8,2025-07-04
국산콩두부 부침용(380g),풀무원,5393.939393939394,2025-07-04
국산콩두부 찌개용(380g),풀무원,3882.072072072072,2025-07-04
국순당 생막걸리(750ml),국순당,1822.4324324324325,2025-07-04
국순당 우국생(750ml),국순당,2107.093425605536,2025-07-04
그린핑거 촉촉한자연보습 베이비로션(320ml),유한킴벌리,25198.671096345515,2025-07-04
김밥용 크래미(120g),한성기업,3118.3410138248846,2025-07-04
김천 금물쌀(10kg),농업회사법인(주)건양,32900.0,2025-07-04
깨끗한나라 물티슈 캡형(70매*6개입),깨끗한나라,8757.734806629835,2025-07-04
깨끗한나라 순수 소프티 미용티슈(260매*6입),깨끗한나라,17518.15068493151,2025-07-04
깨끗한나라 순수 시그니쳐 3겹(30롤),깨끗한나라,25833.333333333332,2025-07-04
깨수깡(160ml),롯데칠성음료,2325.729442970822,2025-07-04
깻잎(100g),일반,4047.5862068965516,2025-07-04
남양 17차 티백(80개입),남양유업,7282.279792746114,2025-07-04
남양 아인슈타인 무항생제 우유(900ml),남양유업,3605.096525096525,2025-07-04
남양유업 맛있는우유GT(900ml),남양유업,3056.4590542099195,2025-07-04
너구리(5개입),농심,4656.22848200313,2025-07-04
네스카페 수프리모 골드 마일드 커피믹스(240개입),한국네슬레,40591.666666666664,2025-07-04
농심 새우깡(90g),농심,1338.8508287292818,2025-07-04
농심 신라면 큰사발면(114g),농심,1312.138364779874,2025-07-04
뉴트로지나 립(2번들),한국존슨앤존슨,7878.125,2025-07-04
느타리버섯(100g),일반,719.7142857142857,2025-07-04
니베아 립 모이스춰 케어(4.8g),바이어스도르프코리아,5499.657853810264,2025-07-04
니베아 립 에센셜 케어(4.8g),바이어스도르프코리아,5341.500559910414,2025-07-04
니베아 선 페이스 영에이지 크림(50ml),바이어스도르프코리아,15757.317073170732,2025-07-04
니베아 퍼펙트 선 세럼(90ml),바이어스도르프코리아,15572.666666666666,2025-07-04
다우니 고농축 섬유유연제 프레시클린(2L),한국피앤지,19545.185185185186,2025-07-04
닥터아토 손소독티슈(20매),보령메디앙스,1600.0,2025-07-04
닥터아토 트리플 히알루론 모이스춰 로션(310ml),보령메디앙스,23821.428571428572,2025-07-04
닥터유 에너지바(40g),오리온,1062.1483942414175,2025-07-04
닥터유 에너지바(4개입),오리온,4257.614503816794,2025-07-04
단팥이 가득 단팥빵(3개입),삼립식품,4479.121387283237,2025-07-04
달콤한 베지밀 비(16팩),정식품,15165.437788018433,2025-07-04
달콤한 삼육두유 B(16팩),삼육식품,10987.538461538461,2025-07-04
달콤한 정통만쥬(10개입),롯데웰푸드,4329.691991786448,2025-07-04
담미정 조청유과(200g),농업회사법인성진식품,8553.306451612903,2025-07-04
담미정약과(200g),농업회사법인성진식품,2780.0,2025-07-04
"당근(흙당근, 100g)",일반,517.969696969697,2025-07-04
당진 해나루쌀 특등급(10kg),당진시농협쌀조합공동사업법인,39900.0,2025-07-04
당찬진미 특등급(10kg),당진시농협쌀조합공동사업법인,33800.0,2025-07-04
대림 게맛살 큰잔치(300g),사조대림,2894.6376811594205,2025-07-04
대림선 신선한 김밥단무지(400g),사조대림,2193.3333333333335,2025-07-04
대림선어묵 부산어묵 마당놀이(300g),사조대림,2977.4576271186443,2025-07-04
대왕님표 여주 진상미(10kg),여주시농협조합공동사업법인,50581.25,2025-07-04
대왕님표 여주 진상미(4kg),여주시농협조합공동사업법인,23899.0099009901,2025-07-04
대일밴드 혼합형(21매),대일화학공업,1256.3492063492063,2025-07-04
"대파(흙대파, 500~800g)",일반,2850.0714285714284,2025-07-04
대하(100g),일반,3300.0,2025-07-04
대한웰빙호일(25cm*30m),대한웰빙은박,6780.0,2025-07-04
대한웰빙호일(30cm*30m),대한웰빙은박,8877.410071942446,2025-07-04
더 건강한 그릴후랑크(600g),CJ제일제당,8668.487261146496,2025-07-04
더 탱글 마이구미(372.4g),오리온,5014.726027397261,2025-07-04
덴마크 대니쉬우유 오리지널(900ml),동원에프앤비,2992.299465240642,2025-07-04
덴마크 산양우유(750ml),동원에프앤비,7047.006578947368,2025-07-04
덴마크 짜지않은 치즈 오리지널(14매),동원,7568.957055214724,2025-07-04
델몬트 오렌지(1.5L),롯데칠성음료,4841.459627329193,2025-07-04
델몬트 후레쉬컷 슬라이스 파인애플(836g),삼경프라자,5129.580645161291,2025-07-04
도브 뷰티 너리싱 바디워시(1L),유니레버코리아,10956.31751227496,2025-07-04
도브 센서티브 뷰티바(4개),유니레버코리아,6518.926654740609,2025-07-04
도브 센스티브 스킨 바디워시(1L),유니레버코리아,10853.108108108108,2025-07-04
동서 벌꿀(600g),동서식품,21068.219696969696,2025-07-04
동서 벌꿀(900g),동서식품,30580.0,2025-07-04
동서현미녹차(100개입),동서식품,9323.809001097696,2025-07-04
동원 낙지젓(180g),동원산업,6998.392857142857,2025-07-04
동원 싱싱맛살 실속(500g),동원에프앤비,4410.816326530612,2025-07-04
동원 양반 쇠고기죽(287.5g),동원에프앤비,3940.578231292517,2025-07-04
동원 양반 전복죽(287.5g),동원에프앤비,3954.076517150396,2025-07-04
동원 카놀라유(850ml),동원에프앤비,8732.142857142857,2025-07-04
동원 퀴진 크리스피 돈까스 통등심(480g),동원에프앤비,9456.861167002013,2025-07-04
동원 포도씨유(850ml),동원에프앤비,14389.411764705883,2025-07-04
동원 황도 슬라이스(400g),동원에프앤비,3447.375886524823,2025-07-04
동원참치 라이트스탠다드(150g),동원,2768.7671232876714,2025-07-04
동원참치 라이트스탠다드(4캔),동원,9619.488076311605,2025-07-04
돼지고기 목살(100g),일반,3594.264705882353,2025-07-04
돼지고기 삼겹살(100g),삼겹살,3615.0,2025-07-04
돼지바(70ml),롯데푸드,675.5716878402903,2025-07-04
듀라셀 울트라 알카라인 건전지 AA(4개입),엠큐네트웍스,8492.405063291139,2025-07-04
듀라셀 울트라 알카라인 건전지 AAA(4개입),엠큐네트웍스,8476.72131147541,2025-07-04
드봉 스위트로즈(4개),LG생활건강,5855.272727272727,2025-07-04
드빈치 뼈가튼튼 고칼슘치즈(15매),남양유업,7614.558404558405,2025-07-04
들기름 재래 도시락김(12팩),풀무원,7919.0053763440865,2025-07-04
디펜드 스타일 언더웨어 남성용 파워 대형(8개입),유한킴벌리,13157.090069284064,2025-07-04
디펜드 스타일 언더웨어 여성용 파워 대형(8개입),유한킴벌리,12288.354231974921,2025-07-04
때가 쏙 비트 분말세제(6kg),CJ라이온,17900.0,2025-07-18
떠먹는 불가리스 딸기(4개),남양유업,3980.0,2025-07-04
라이프리 안심 언더웨어 일반용 대형(18개입),엘지유니참,27830.69498069498,2025-07-04
랩신 핸드워시 센서티브(250ml),애경,6685.454545454545,2025-07-04
레드불 에너지 드링크(250ml),동서식품,2435.1290322580644,2025-07-04
레디큐 드링크(100ml),한독,5000.0,2025-07-04
려 우아채 멋내기새치크림 짙은 갈색(120g),아모레퍼시픽,8959.718309859154,2025-07-04
려 함빛 극손상앤영양 샴푸(480ml),아모레퍼시픽,11393.162939297124,2025-07-04
려 함빛 극손상앤영양 트리트먼트(300ml),아모레퍼시픽,9752.913385826772,2025-07-04
롯데 ABC 초코(187g),롯데제과,6175.291603053435,2025-07-04
롯데 목캔디 허브민트(217g),롯데제과,4336.430817610063,2025-07-04
롯데 미니꿀호떡(16개입),롯데웰푸드,4110.506329113924,2025-07-04
롯데 빅가나 마일드(110g),롯데제과,4197.0276008492565,2025-07-04
롯데 쉐푸드 등심 통돈까스(300g),롯데웰푸드,9368.127853881278,2025-07-04
롯데 월드콘 바닐라(160ml),롯데제과,1279.8168498168498,2025-07-04
롯데 자일리톨 오리지날(52g),롯데제과,2957.102564102564,2025-07-04
롯데 핫식스(250ml),롯데칠성음료,1047.9396984924624,2025-07-04
리스테린 쿨민트(750ml),한국존슨앤존슨,9363.084112149532,2025-07-04
리엔 흑모비책크림염색 자연갈색(120g),LG생활건강,9629.776,2025-07-04
"마늘(깐마늘, 100g)",일반,1920.2702702702702,2025-07-04
마미손 고무장갑 중(2세트),마미손,4880.0,2025-07-04
마주앙 레드(750ml),롯데주류,15900.0,2025-07-04
맘마밀 안심이유식 녹황채소와 소고기(100g),매일유업,2980.3041825095056,2025-07-04
맘마밀 안심이유식 표고버섯과소고기(100g),매일유업,2975.625,2025-07-04
맛있는라면(5개입),삼양식품,4558.991935483871,2025-07-04
매일 소화가 잘되는 우유(930ml),매일유업,3632.760834670947,2025-07-04
매일두유 99.9(12팩),매일유업,10302.822580645161,2025-07-04
매일우유 오리지널(900ml),매일유업,3126.811111111111,2025-07-04
매일유업 뼈로가는 칼슘치즈(270g),매일유업,8565.63055062167,2025-07-04
맥스 부탄가스(4개),맥선,6991.2890625,2025-07-04
맥스웰 하우스 오리지날(180개입),동서식품,22850.91911764706,2025-07-04
맥심 모카골드 마일드(200개입),동서식품,35575.29761904762,2025-07-04
맥심 모카골드 제로슈거(50개입),동서식품,14150.11217948718,2025-07-04
맥심 슈프림골드 커피믹스(170개입),동서식품,35240.604026845635,2025-07-04
맥심 티오피 마스터 라떼(275ml),동서식품,2148.5698324022346,2025-07-04
맥심 화이트골드 커피믹스(250개입),동서식품,40143.89312977099,2025-07-04
머거본 알땅콩(135g),머거본,5000.0,2025-07-04
메디안 치석 치약 오리지널(3개),아모레퍼시픽,9618.515625,2025-07-04
메로나(75ml),빙그레,674.0183486238532,2025-07-04
메소드 주방세제 핑크(532ml),LG생활건강,7490.0,2025-07-04
모나리자 보타닉포레 프레스티지 3겹(30롤),모나리자,23900.0,2025-07-04
목초를 먹고 자란 건강한 닭이 낳은 달걀(대란 15개),풀무원,8783.370429252782,2025-07-04
몬스터 에너지(355ml),코카콜라음료,2374.4916201117317,2025-07-04
"몰리스 쉬야응가 3~4회용 패드(L, 35매)",이마트,22247.71784232365,2025-07-04
"몰리스픽 반려견 패드(L, 45매)",이마트,8500.0,2025-07-04
몽쉘 생크림케이크 오리지널(408g),롯데제과,5530.1716068642745,2025-07-04
"무(줄기 없는 무, 1.5kg)",일반,3567.3859649122805,2025-07-04
무균무때 세정제 욕실용(900ml),피죤,5955.850746268657,2025-07-04
물먹는하마(3개입),옥시레킷벤키저,4945.454545454545,2025-07-04
미닛메이드 오렌지(1.5L),코카콜라음료,4847.692307692308,2025-07-04
미쟝센 쉽고빠른거품염색 3N 흑갈색(80g),아모레퍼시픽,14291.772151898735,2025-07-04
미쟝센 퍼펙트 세럼 트리트먼트(330ml),아모레퍼시픽,11811.980738362761,2025-07-04
미쟝센 퍼펙트 오리지널 세럼 샴푸(680ml),아모레퍼시픽,11862.51968503937,2025-07-04
바로 먹는 그라브락스 연어(150g),선도씨푸드,11900.0,2025-07-04
바른고을 의성진쌀(10kg),의성군농협쌀조합공동사업법인,35900.0,2025-07-04
바리스타룰스 콜드브루 블랙(325ml),매일유업,3192.765273311897,2025-07-04
바세린 데일리 선크림(50ml),유니레버코리아,8360.583941605839,2025-07-04
바세린 립테라피 스틱 오리지널(4.8g),유니레버코리아,4066.9565217391305,2025-07-04
바이오 플레인 요거트(4개),매일유업,3980.0,2025-07-04
박카스맛 젤리(50g),동아제약,1474.1322314049587,2025-07-04
밥이보약 CAT 걱정없는 헤어볼(2kg),하림펫푸드,29781.615384615383,2025-07-04
밥이보약 DOG 튼튼한관절(2kg),하림펫푸드,27736.958174904943,2025-07-04
배추(1.5~2kg),일반,5770.685185185185,2025-07-04
백설 5가지 재료 부침가루(1kg),CJ제일제당,3966.7585139318885,2025-07-04
백설 갈색설탕(1kg),CJ제일제당,3173.434190620272,2025-07-04
백설 건강발효 사과식초(800ml),CJ제일제당,4564.245045045045,2025-07-04
백설 건강발효 현미식초(800ml),CJ제일제당,4583.448275862069,2025-07-04
백설 고소함가득 참기름(320ml),CJ제일제당,10417.902813299233,2025-07-04
백설 구운소금(500g),CJ제일제당,2740.8,2025-07-04
백설 그릴 비엔나(560g),CJ제일제당,8985.780141843972,2025-07-04
백설 박력 밀가루(1kg),CJ제일제당,2638.694316436252,2025-07-04
백설 브라운 자일로스 설탕(1kg),CJ제일제당,4974.969230769231,2025-07-04
백설 소면(900g),CJ제일제당,3227.6470588235293,2025-07-04
백설 쇠고기 다시다(300g),CJ제일제당,9584.430769230768,2025-07-04
백설 요리 올리고당(1.2kg),CJ제일제당,5232.65306122449,2025-07-04
백설 자른 햇당면(300g),CJ제일제당,3279.8536585365855,2025-07-04
백설 자일로스 설탕(1kg),CJ제일제당,4645.288966725044,2025-07-04
백설 중력 밀가루(1kg),CJ제일제당,2006.5418502202642,2025-07-04
백설 찰밀가루(1kg),CJ제일제당,2749.4744976816073,2025-07-04
백설 카놀라유(900ml),CJ제일제당,7380.195121951219,2025-07-04
백설 콩기름(1.5L),CJ제일제당,7626.741573033708,2025-07-04
백설 파스타(500g),CJ제일제당,2879.4607843137255,2025-07-04
백설 포도씨유(900ml),CJ제일제당,15096.279809220985,2025-07-04
백설 하얀설탕(1kg),CJ제일제당,2612.0678336980304,2025-07-04
백설 햄스빌 두툼한 굿베이컨(340g),CJ제일제당,8530.837438423645,2025-07-04
백설 햄스빌 베이컨(330g),CJ제일제당,10002.07130730051,2025-07-04
백설 흑설탕(1kg),CJ제일제당,3357.750385208012,2025-07-04
버터롤 클래식(21개입),삼립식품,5520.408653846154,2025-07-04
벡셀 알카라인 건전지 AA(4개입),벡셀,7400.0,2025-07-04
벡셀 알카라인 건전지 AAA(4개입),벡셀,7400.0,2025-07-04
벨먼 포켓몬 UV 피카츄 선크림(50ml),LG생활건강,12900.0,2025-07-04
보노 콘스프(3개입),농심,3875.2960893854747,2025-07-04
보노 포르치니버섯스프(3개입),농심,3873.58574610245,2025-07-04
복음자리 딸기잼(380g),복음자리,6955.691056910569,2025-07-04
부세(200~400g),일반,6340.833333333333,2025-07-04
불가리스 사과(4개),남양유업,6012.592592592592,2025-07-04
불릴필요없는 병아리콩(2kg),농업회사법인대상,9990.0,2025-07-04
불릴필요없는 현미(2kg),농업회사법인월드그린,9980.0,2025-07-04
비비고 사골곰탕(500g),CJ제일제당,1984.6570972886761,2025-07-04
비비고 왕교자(1.12kg),CJ제일제당,9994.55399061033,2025-07-04
비비고 육개장(500g),CJ제일제당,6156.086387434555,2025-07-04
비비고 포기배추김치(3.3kg),CJ제일제당,34883.09859154929,2025-07-04
비타500 젤리(48g),광동제약,1500.0,2025-07-04
비타500(10개입),광동제약,8704.52865064695,2025-07-04
비타파워(20개입),롯데칠성음료,10423.808,2025-07-04
빅토리아 탄산수 플레인(500ml),웅진식품,953.1034482758621,2025-07-04
빙그레 더단백 프로틴 드링크 초코(250ml),빙그레,2061.062176165803,2025-07-04
빙그레 떡붕어 싸만코(150ml),빙그레,1337.9920477137177,2025-07-04
사조참치 살코기 안심따개(4캔),사조대림,8149.2150170648465,2025-07-04
산양분유 시그니처 1단계(800g),일동후디스,49636.1797752809,2025-07-04
삼다수(2L),광동제약,1159.5166858457997,2025-07-04
삼다수(2L*6개),광동제약,7088.454258675079,2025-07-04
삼다수(500ml),광동제약,535.1750547045951,2025-07-04
삼다수(500ml*20개),광동제약,10928.888888888889,2025-07-04
삼립 미니꿀약과(500g),삼립식품,5480.0,2025-07-04
삼립호떡 미니꿀호떡(16개입),삼립식품,4476.0,2025-07-04
삼양라면(5개입),삼양식품,3590.3779527559054,2025-07-04
삼호 안심 부산어묵(400g),CJ제일제당,4458.491803278688,2025-07-04
상하목장 슬로우버터 무염(100g),매일유업,3911.304347826087,2025-07-04
샘표 맥아물엿(1.2kg),샘표,4150.0,2025-07-04
샘표 토장(900g),샘표,9711.828571428572,2025-07-04
샤프란 아우라 초고농축 섬유유연제 홀리데이판타지(2L),LG생활건강,16686.162361623617,2025-07-04
샤프란케어 은은한향(900ml),LG생활건강,5463.1578947368425,2025-07-04
서울 저지방 우유(1L),서울우유,3404.353312302839,2025-07-04
서울우유 버터(450g),서울우유,11455.461538461539,2025-07-04
서울우유 체다슬라이스치즈(270g),서울우유,7015.714285714285,2025-07-04
서울우유 체다슬라이스치즈(360g),서울우유,9307.395143487858,2025-07-04
서울우유 흰우유(1L),서울우유,3126.0111731843576,2025-07-04
서울장수생막걸리(750ml),서울탁주,1699.2359249329759,2025-07-04
셀렉스 스포츠 웨이프로틴 초콜릿(330ml),매일헬스뉴트리션,2861.972602739726,2025-07-04
손잡이 크린백(35cm x 45cm),크린랩,5481.325966850829,2025-07-04
"쇠고기 등심(1+등급, 100g)",등심,16760.0,2025-07-04
"쇠고기 등심(1등급, 100g)",등심,14208.25925925926,2025-07-04
"쇠고기 불고기(1+등급, 100g)",불고기,5613.333333333333,2025-07-04
"쇠고기 불고기(1등급, 100g)",불고기,5432.0625,2025-07-04
순창 100% 현미 태양초 찰고추장(1kg),대상,20401.77852348993,2025-07-04
순창 재래식안심생된장(1kg),대상,9693.79767827529,2025-07-04
쉬크 하이드로5 베이직 센서티브 면도날(8개),LG생활건강,39300.0,2025-07-04
스모크델리 훈제오리(500g),팜덕,12980.0,2025-07-04
스카트 물걸레청소포 베이직 표준형(30매),유한킴벌리,11620.0,2025-07-04
스타벅스 네스프레소 디카프 에스프레소 로스트(57g),한국네슬레,9306.560726447218,2025-07-04
스타벅스 네스프레소 하우스 블렌드(57g),한국네슬레,9309.527027027027,2025-07-04
스타벅스 돌체구스토 하우스 블렌드(102g),한국네슬레,9348.573717948719,2025-07-04
스파크 분말세제(3kg),애경,12700.0,2025-07-04
스팸 클래식(200g),CJ제일제당,5535.2854812398045,2025-07-04
스페셜K 오리지널(480g),농심,8783.636363636364,2025-07-04
스프라이트(1.5L),코카콜라음료,3074.261006289308,2025-07-04
시금치(250~400g),일반,5147.8125,2025-07-04
식물성 마가린(200g),오뚜기,2428.0,2025-07-04
신라면(5개입),농심,4199.1065830721,2025-07-04
썬 부탄가스(4개),태양산업,7346.438356164384,2025-07-04
쏘피 바디피트 볼록맞춤 중형(36개입),LG생활건강,13477.118644067798,2025-07-04
씨그램 탄산수 플레인(350ml),코카콜라음료,953.0024213075061,2025-07-04
아름찬 3년숙성 국산 까나리액젓(1kg),농업회사법인농협식품,5980.0,2025-07-04
아름찬 3년숙성 국산 멸치액젓(1kg),농업회사법인농협식품,6000.0,2025-07-04
아이!깨끗해 항균폼 상큼한레몬향(250ml),CJ라이온,5765.109375,2025-07-04
아이꼬야 맘스쿠킹 소고기와두부진밥(100g),남양유업,3184.6938775510203,2025-07-04
아이비(309g),해태제과,3582.5,2025-07-04
아이시스(2L),롯데칠성음료,763.8965517241379,2025-07-04
아이시스(500ml),롯데칠성음료,396.60406885759,2025-07-04
아이얌 아기밀 한우표고야채진밥(100g),일동후디스,3193.103448275862,2025-07-04
아카페라 스위트아메리카노(240ml),빙그레,1484.2553191489362,2025-07-04
안성탕면(5개입),농심,3910.268138801262,2025-07-04
알라 무염버터(400g),매일유업,10948.122605363984,2025-07-04
알쿠니아 황도(840g),농심,5844.854368932039,2025-07-04
애호박,일반,1722.0588235294117,2025-07-04
액츠 퍼펙트 실내건조 겸용(3L),피죤,14375.979202772964,2025-07-04
앱솔루트 명작 3단계(800g),매일유업,28100.0,2025-07-04
얄피꽉찬 쌀물만두(1kg),풀무원,10415.566666666668,2025-07-04
양반 들기름김 올리브김 복합기획(16팩),동원,8668.35294117647,2025-07-04
양반 포기김치(1.9kg),동원에프앤비,18372.96803652968,2025-07-04
양배추,일반,4128.0,2025-07-04
양송이버섯(100g),일반,2684.3214285714284,2025-07-04
양조간장 501(500ml),샘표,5866.756838905775,2025-07-04
"양파(껍질 있는 망포장, 1.5kg)",일반,5161.365384615385,2025-07-04
에너자이저 맥스 AAA(4개입),에너자이저코리아,6718.472440944882,2025-07-04
에너자이저 맥스플러스 AA(4개입),에너자이저코리아,9287.907742998352,2025-07-04
에스앤비 생와사비(43g),훼밀리인터내셔날,3651.383147853736,2025-07-04
에프킬라 에어로졸 무향(500ml),에스씨존슨코리아(유),6114.312617702448,2025-07-04
엘라스틴 모로칸 아르간 오일 집중영양 샴푸(680ml),LG생활건강,8219.318181818182,2025-07-04
엘라스틴 아르간오일 데미지 트리트먼트(300ml),LG생활건강,9508.09264305177,2025-07-04
여명808(140ml),그래미,5345.0,2025-07-04
열라면(5개입),오뚜기,3951.632329635499,2025-07-04
옛날 자른당면(300g),오뚜기,4919.375,2025-07-04
옛날국수 소면(900g),오뚜기,3569.264214046823,2025-07-04
오가니스트 히말라야 핑크솔트 바디워시 리프레싱 민트향(865ml),LG생활건강,12714.417475728156,2025-07-04
오뚜기 가벼운참치 더마일드(135g),오뚜기,3267.2727272727275,2025-07-04
오뚜기 가벼운참치 더마일드(4캔),오뚜기,8675.679347826086,2025-07-04
오뚜기 간편 미역국(5개입),오뚜기,3988.1967213114754,2025-07-04
오뚜기 간편 북엇국(5개입),오뚜기,3987.434944237918,2025-07-04
오뚜기 고소한 골드 마요네즈(500g),오뚜기,6715.654627539503,2025-07-04
오뚜기 등심돈까스(500g),오뚜기,10452.627737226278,2025-07-04
오뚜기 딸기잼(500g),오뚜기,7804.581005586592,2025-07-04
오뚜기 부침가루(1kg),오뚜기,3453.3697347893917,2025-07-04
오뚜기 사과식초(900ml),오뚜기,3620.7553551296505,2025-07-04
오뚜기 생와사비(43g),오뚜기,4339.1716068642745,2025-07-04
오뚜기 연와사비(35g),오뚜기,1799.2727272727273,2025-07-04
오뚜기 옛날 물엿(1.2kg),오뚜기,5456.666666666667,2025-07-04
오뚜기 옛날 미역(100g),오뚜기,4894.736842105263,2025-07-04
오뚜기 옛날 볶음참깨(200g),오뚜기,5926.363636363636,2025-07-04
오뚜기 옛날 사골곰탕(350g),오뚜기,1467.9442508710802,2025-07-04
오뚜기 옛날 육개장(300g),오뚜기,1130.3801916932907,2025-07-04
오뚜기 옛날 자른미역(50g),오뚜기,3408.265306122449,2025-07-04
오뚜기 진한 쇠고기미역국밥(314g),오뚜기,4826.916890080429,2025-07-04
오뚜기 참기름(320ml),오뚜기,11948.939226519336,2025-07-04
오뚜기 참깨라면 컵(110g),오뚜기,1438.1263858093128,2025-07-04
오뚜기 카놀라유(900ml),오뚜기,9494.57627118644,2025-07-04
오뚜기 컵밥 제육덮밥(310g),오뚜기,4457.9584775086505,2025-07-04
오뚜기 콩기름(900ml),오뚜기,6062.910891089109,2025-07-04
오뚜기 크림스프(80g),오뚜기,2259.3406593406594,2025-07-04
오뚜기 토마토 케찹(500g),오뚜기,3777.0349492671926,2025-07-04
오뚜기 프레스코 스파게티(500g),오뚜기,3763.653250773994,2025-07-04
오뚜기 황도(400g),오뚜기,3475.984147952444,2025-07-04
오뚜기밥(210g),오뚜기,1799.3790849673203,2025-07-04
오뚜기밥(3개입),오뚜기,3290.880829015544,2025-07-04
오뚜기밥(6개입) ,오뚜기,7064.615384615385,2025-07-04
오뚜기카레 순한맛(100g),오뚜기,2483.8313253012047,2025-07-04
오랄비 크로스액션(3개입),한국피앤지,11602.177858439201,2025-07-04
오로나민C(10개입),동아오츠카,11565.0,2025-07-04
오리온 왕꿈틀이(67g),오리온,810.7142857142857,2025-07-04
오리온 초코파이(18개입),오리온,6478.1857451403885,2025-07-04
오리온 통아몬드 캔디(90g),오리온,1661.8002195389681,2025-07-04
오리온 포카칩 오리지널(66g),오리온,1462.2257053291537,2025-07-04
오이(백다다기),일반,1254.179487179487,2025-07-04
"오징어(냉동, 200~300g)",일반,3563.6,2025-07-04
"오징어(생물, 200~300g)",일반,4921.277777777777,2025-07-04
옥수수 마가린(200g),오뚜기,2560.06600660066,2025-07-04
온더바디 로맨틱 아이리스향 바디워시(900ml),LG생활건강,10107.651515151516,2025-07-04
온뜨락 볶음참깨(200g),장뜰영농조합법인,19790.0,2025-07-04
요플레 오리지널(4개),빙그레,3980.539568345324,2025-07-04
움트리 생와사비(120g),움트리,5946.090425531915,2025-07-04
유한락스 레귤러(2L),유한양행,6025.0,2025-07-04
유한락스 욕실청소용(1800ml),유한양행,9797.119341563786,2025-07-04
유한락스 후레쉬(2L),유한양행,6640.6984126984125,2025-07-04
의성마늘 빅그릴 비엔나(600g),롯데햄,9679.507389162562,2025-07-04
의성마늘 한입슬라이스햄(60g),롯데햄,2522.8015564202333,2025-07-04
의성마늘 훈제오리 슬라이스(400g),롯데웰푸드,12270.833333333334,2025-07-04
이오(5개),남양유업,2480.4682274247493,2025-07-04
일가집 비타 김밥단무지(400g),일미농수산,3053.700115340254,2025-07-04
일품 해물라면(5개입),팔도,4917.510204081633,2025-07-04
임금님표 이천쌀 특등급(10kg),부발농업협동조합,45896.06741573034,2025-07-04
임금님표 이천쌀(4kg),부발농업협동조합,23900.0,2025-07-04
임페리얼 드림 XO 3단계(800g),남양유업,24820.6106870229,2025-07-04
자연퐁 솔잎(490ml),LG생활건강,5464.726027397261,2025-07-04
자유시간(36g),해태제과,1074.7835990888382,2025-07-04
자유시간(5개입),해태제과,4901.477272727273,2025-07-04
작지만 진한 약콩(500g),용두농업협동조합,8980.0,2025-07-04
잘풀리는집 깨끗한 순앤순 3겹(30롤),미래생활,19900.0,2025-07-04
적상추(100g),일반,2028.2941176470588,2025-07-04
전G베이컨(200g),에쓰푸드,4582.316384180791,2025-07-04
정성식품 백명란젓(300g),정성식품,10680.0,2025-07-04
정성식품 오징어젓(400g),정성식품,10680.0,2025-07-04
정통 보름달(3개입),삼립식품,4478.916827852998,2025-07-04
정통크림빵(3개입),삼립식품,4528.078078078078,2025-07-04
제주 위트 에일(500ml),제주맥주주식회사,3112.16,2025-07-04
존슨즈 베드타임 로션(500ml),한국존슨앤존슨,20900.352733686068,2025-07-04
종가 국산 고춧가루 매운맛(200g),대상,16000.0,2025-07-04
종가 국산 고춧가루 순한맛(200g),대상,14665.0,2025-07-04
종가 전라도 포기김치(2.8kg),대상,29830.742049469965,2025-07-04
좋은느낌 오리지널 울트라슬림 날개 중형(36개입),유한킴벌리,13291.295454545454,2025-07-04
좋은느낌 유기농순면커버 울트라슬림 날개 중형(36개입),유한킴벌리,16648.88888888889,2025-07-04
주부9단 불고기햄(300g),농협목우촌,6959.49494949495,2025-07-04
주부9단 프랑크소시지(900g),농협목우촌,10455.0,2025-07-04
지퍼락 지퍼백 냉장 중형(20매),에스씨존슨코리아(유),3518.2163187855786,2025-07-04
진간장 금F3(860ml),샘표,7145.973480662983,2025-07-04
진라면 매운맛(5개입),오뚜기,3959.4770206022185,2025-07-04
진라면 순한맛(5개입),오뚜기,3956.6097240473064,2025-07-04
진로 와인(500ml),진로,2440.991869918699,2025-07-04
쪽파(흙쪽파),일반,1510.2,2025-07-04
참 건강한 동물복지 닭백숙(1.19kg),참프레,11100.0,2025-07-04
참이슬 오리지널(360ml),진로,1411.9490586932448,2025-07-04
참이슬 후레쉬(360ml),진로,1409.9671772428885,2025-07-04
참조기(200~400g),일반,3382.5,2025-07-04
참크래커(280g),크라운제과,3388.925353925354,2025-07-04
처음먹는 단호박 퓨레(80g),베베쿡,2967.1875,2025-07-04
처음처럼(360ml),롯데주류,1409.9447513812154,2025-07-04
철원 오대쌀(10kg),철원농업협동조합,43009.00900900901,2025-07-04
청오 유기농 발아 볶음참깨(200g),청오건강농업회사법인,6980.0,2025-07-04
청정원 고소하고 바삭한 베이컨(1kg),대상,12900.0,2025-07-04
청정원 고소한 마요네즈(500g),대상,5951.877300613497,2025-07-04
청정원 김밥용 단무지(400g),대상,3279.0706319702604,2025-07-04
청정원 남해안 멸치액젓 골드(750g),대상,5619.473684210527,2025-07-04
청정원 대나무숙성 멸치액젓(750g),대상,4743.396524486572,2025-07-04
청정원 동물복지 청정유정란(15개),대상,8549.942857142858,2025-07-04
청정원 맛선생 국내산해물(250g),대상,11075.963488843814,2025-07-04
청정원 물엿(1.2kg),대상,5036.2962962962965,2025-07-04
청정원 미원 맛소금(500g),대상,3276.6751918158566,2025-07-04
청정원 발사믹 드레싱(325g),대상,4137.959183673469,2025-07-04
청정원 생와사비(40g),대상,3903.3112582781455,2025-07-04
청정원 서해안 까나리액젓 골드(250g),대상,1800.0,2025-07-04
청정원 서해안 까나리액젓 골드(750g),대상,5800.907692307693,2025-07-04
청정원 순창 양념듬뿍 쌈장(500g),대상,5616.1163522012575,2025-07-04
청정원 스파게티(500g),대상,3455.5205047318614,2025-07-04
청정원 옛날식 짜장(180g),대상,2473.186440677966,2025-07-04
청정원 오리엔탈 드레싱(325g),대상,4113.273542600897,2025-07-04
청정원 유기농 황설탕(454g),대상,5083.4602076124565,2025-07-04
청정원 유기농 흑설탕(454g),대상,5080.0,2025-07-04
청정원 자유방목 동물복지 유정란(15개),대상,11809.333333333334,2025-07-04
청정원 전주 콩나물(400g),대상,2230.0,2025-07-04
청정원 진한 토마토 케찹(500g),대상,3359.097065462754,2025-07-04
청정원 카레여왕 구운마늘&양파(108g),대상,5733.74025974026,2025-07-04
청정원 카레여왕 비프카레(160g),대상,2576.7558528428094,2025-07-04
청정원 행복놀이터 동물복지 유정란(15개),대상,9372.513513513513,2025-07-04
초정탄산수 플레인(500ml),일화,1275.0,2025-07-04
촉촉한 우유식빵(330g),삼립식품,3378.8505747126437,2025-07-04
칠성사이다 제로(1.5L),롯데칠성음료,2742.0311041990667,2025-07-04
카누 네스프레소 볼드다크로스트(57g),동서식품,8075.36858974359,2025-07-04
카누 돌체구스토 볼드다크로스트(112g),동서식품,11742.656826568265,2025-07-04
카누 디카페인 아메리카노(30개입),동서식품,13324.551971326166,2025-07-04
카누 마일드 로스트 아메리카노(30개입),동서식품,13532.452830188678,2025-07-04
카스 프레쉬(500ml),오비맥주,2238.2098765432097,2025-07-04
카스 프레쉬(6캔),오비맥주,10618.73665480427,2025-07-04
칸타타 프리미엄 라떼(275ml),롯데칠성음료,2037.129943502825,2025-07-04
컨디션 헛개(100ml),에이치케이이노엔,4887.411167512691,2025-07-04
컴배트 스피드 에어졸(500ml),헨켈홈케어코리아,6188.179347826087,2025-07-04
케라시스 데미지 클리닉 오리지널 샴푸(750ml),애경,6790.857142857143,2025-07-04
케라시스 데미지 클리닉 오리지널 트리트먼트(300ml),애경,5221.111111111111,2025-07-04
켈로그 레드베리 에너지바(4개입),농심,4646.1734104046245,2025-07-04
켈로그 콘푸로스트(600g),농심,7375.809018567639,2025-07-04
코디 내추럴 미용티슈(230매*6입),쌍용씨앤비,12572.148148148148,2025-07-04
코디 순백 3겹(30롤),쌍용씨앤비,30271.32075471698,2025-07-04
코디 키친타월(6롤),쌍용씨앤비,8033.19391634981,2025-07-04
코디 포켓몬 물티슈 캡형(100매),쌍용씨앤비,2500.0,2025-07-18
코디 해피퍼피 미용티슈(250매*6입),쌍용씨앤비,13625.954198473282,2025-07-04
코카콜라(1.8L),코카콜라음료,3838.1951219512193,2025-07-04
"콜리올리 깔끔하게 쓰는 1회용 패드(M, 100매)",롯데쇼핑,12961.137724550897,2025-07-04
쿤달 허니 앤 마카다미아 헤어 트리트먼트 베이비파우더향(718ml),더스킨팩토리,13501.167315175097,2025-07-04
큐원 갈색설탕(1kg),삼양사,3092.850082372323,2025-07-04
큐원 강력 밀가루(1kg),삼양사,2344.4,2025-07-04
큐원 박력 밀가루(1kg),삼양사,2342.8571428571427,2025-07-04
큐원 요리 올리고당(1.2kg),삼양사,5480.0,2025-07-04
큐원 중력 밀가루(1kg),삼양사,1511.7985611510792,2025-07-04
큐원 하얀설탕(1kg),삼양사,2529.1935483870966,2025-07-04
큐원 흑설탕(1kg),삼양사,2952.9411764705883,2025-07-04
크리넥스 KF-AD 라이트핏 쿨마스크 대형(15매),유한킴벌리,8724.137931034482,2025-07-04
크리넥스 KF94 와이드핏 마스크 대형,유한킴벌리,1241.6666666666667,2025-07-04
크리넥스 내추럴소프트 미용티슈(270매*6입),유한킴벌리,16225.868725868726,2025-07-04
크리넥스 데코엔소프트 3겹(30롤),유한킴벌리,24647.966101694914,2025-07-04
크리넥스 수앤수 라이언 물티슈 캡형(80매),유한킴벌리,2300.112540192926,2025-07-04
크리넥스 안심 키친타월(6롤),유한킴벌리,8600.0,2025-07-04
크리넥스 안심물티슈 캡형(60매),유한킴벌리,2870.6354515050166,2025-07-04
크리넥스 울트라클린 3겹(30롤),유한킴벌리,32058.839285714286,2025-07-04
크리넥스 클린케어 3겹(30롤),유한킴벌리,22258.854166666668,2025-07-04
크린 종이호일(25cm*20m),크린랩,4688.984375,2025-07-04
크린랩 고무장갑 중(2세트),크린랩,6465.1908396946565,2025-07-04
크린랩 물걸레청소포 대형(30매),크린랩,8275.619047619048,2025-07-04
크린랩(22cm x 50m),크린랩,5867.450331125828,2025-07-04
크린랩(30cm x 50m),크린랩,7868.204845814978,2025-07-04
크린롤백(25cm x 35cm),크린랩,5677.1207430340555,2025-07-04
크린지퍼백(18cm x 20cm),크린랩,3431.0840707964603,2025-07-04
키퍼스 시니어 안심패드 일자형(30개입),쌍용씨앤비,9794.174757281553,2025-07-04
키퍼스 언더웨어 타입 대형(14개입),쌍용씨앤비,15865.51724137931,2025-07-04
탕종숙식빵(420g),삼립식품,3282.6984126984125,2025-07-04
테라(500ml),진로,2395.5882352941176,2025-07-04
테크 베이킹소다 액체세제(3L),LG생활건강,16900.0,2025-07-04
테크 베이킹소다(6kg),LG생활건강,20066.666666666668,2025-07-18
투게더 오리지널 바닐라(900ml),빙그레,7575.31914893617,2025-07-04
트레비 탄산수 플레인(500ml),롯데칠성음료,1627.8219395866454,2025-07-04
틈새라면(5개입),팔도,5249.294670846395,2025-07-04
파스퇴르 프리미엄 홈버터(450g),롯데웰푸드,9938.98832684825,2025-07-04
파스퇴르우유 후레쉬(900ml),롯데삼강,3832.0223152022313,2025-07-04
파워에이드 마운틴블라스트(600ml),코카콜라음료,1992.6288659793815,2025-07-04
팔도 왕뚜껑(110g),팔도,1131.6335540838852,2025-07-04
팬틴 극손상케어 트리트먼트(220ml),한국피앤지,8944.875,2025-07-04
퍼실 파워젤 액체 겸용(2.7L),헨켈홈케어코리아,28545.13731825525,2025-07-04
페리오 토탈7 오리지널(3개),LG생활건강,10715.698051948051,2025-07-04
페리오 토탈7 칫솔 힘있는 미세모(4개),LG생활건강,10726.11301369863,2025-07-04
페브리즈 상쾌한향(370ml),한국피앤지,7130.730593607306,2025-07-04
페브리즈 상쾌한향(900ml),한국피앤지,14880.392156862745,2025-07-04
펩시콜라(1.8L),롯데칠성음료,3169.9441340782123,2025-07-04
포스트 콘푸라이트(600g),동서식품,7088.618421052632,2025-07-04
포카리스웨트(620ml),동아오츠카,1925.2054794520548,2025-07-04
포테토칩 오리지날(125g),농심,2311.4330218068535,2025-07-04
폭신폭신 에그볼(400g),삼립식품,4240.289855072464,2025-07-04
폰타나 이탈리아 캄파니아 스파게티(500g),샘표,4155.912408759124,2025-07-04
폰테라 앵커버터(227g),서울우유,6730.0,2025-07-04
풀무원 고칼슘 꼬마약과(200g),풀무원,4500.0,2025-07-04
풀무원 국산 홍고춧가루(200g),풀무원,15500.0,2025-07-04
풀무원 김밥단무지(400g),풀무원,2995.25641025641,2025-07-04
풀무원 동물복지 목초란(15개),풀무원,10710.759162303664,2025-07-04
풀무원 동물복지 목초란(대란 10개),풀무원,8855.9375,2025-07-04
풀무원 동물복지 유정란(10개),풀무원,9777.832898172324,2025-07-04
풀무원 자른미역(50g),풀무원,2933.684210526316,2025-07-04
풀무원 톡톡 포기김치(3.3kg),풀무원,32050.0,2025-07-04
풀무원 통등심돈카츠(450g),풀무원,10378.672150411281,2025-07-04
풋고추(100g),일반,2548.205882352941,2025-07-04
프렌치카페 카페믹스 스테비아(100개입),남양유업,32450.63829787234,2025-07-04
프렌치카페 카페믹스(220개입),남양유업,37730.0,2025-07-04
프로쉴드 옐로우 면도날(4개),질레트,35534.75328947369,2025-07-04
프리미엄 쿠킹호일(25cm*30m),삼아삭스호일,8316.22641509434,2025-07-04
프릴 시크릿 오브 베이킹소다 퓨어레몬향(700ml),헨켈홈케어코리아,7261.580698835274,2025-07-04
피죤 섬유유연제 핑크로즈(2.1L),피죤,4040.240963855422,2025-07-04
피죤 습기제로(8개입),피죤,10038.255033557047,2025-07-04
피지오겔 DMT 마일드 립밤(4.2g),LG생활건강,10245.0,2025-07-04
하기스 매직컴포트 대형 공용 팬티형 4단계(50매),유한킴벌리,38350.36496350365,2025-07-04
하기스 매직컴포트 중형 공용 밴드형 3단계(72매),유한킴벌리,39414.28571428572,2025-07-04
하기스 매직컴포트 특대형 공용 팬티형 5단계(42매),유한킴벌리,38116.94915254237,2025-07-04
하리보 골드베렌 젤리(250g),삼경에프에스,5715.755725190839,2025-07-04
하림 동물복지 닭백숙(1.05kg),하림,11900.0,2025-07-18
하림 무항생제 영양란(25개),하림,11800.0,2025-07-04
하림 참진 토종닭백숙(1.05kg),하림,15421.024930747923,2025-07-04
하선정 4무첨가 김밥단무지(370g),CJ제일제당,2674.079207920792,2025-07-04
하선정 까나리액젓(400g),CJ제일제당,3480.6666666666665,2025-07-04
하선정 까나리액젓(800g),CJ제일제당,6273.189522342064,2025-07-04
하선정 멸치액젓 골드(400g),CJ제일제당,3494.0,2025-07-04
하선정 멸치액젓 골드(800g),CJ제일제당,6289.92299229923,2025-07-04
하선정 포기김치(2.5kg),CJ제일제당,23804.285714285714,2025-07-04
하이뮨 프로틴밸런스(190ml),일동후디스,1575.3846153846155,2025-07-04
하이트 엑스트라 콜드(500ml),진로,2457.5,2025-07-04
하이트 엑스트라 콜드(6캔),진로,10640.01838235294,2025-07-04
한생 친정엄마 볶음참깨(500g),농업회사법인한생(주),6300.0,2025-07-04
한성 낙지젓갈(150g),한성기업,7976.267361111111,2025-07-04
한성 오징어젓갈(150g),한성기업,6743.570247933884,2025-07-04
한아름 땅콩소보루(10개입),삼립식품,3980.0,2025-07-04
핫브레이크 미니(715g),오리온,17400.0,2025-07-04
항공직송 동원생연어(320g),동원산업,21876.119402985074,2025-07-04
항공직송 동원생연어(350g),동원산업,22900.0,2025-07-04
항균 트리오(973ml),애경,3712.5,2025-07-04
해찬들 100% 태양초 우리쌀 고추장(1kg),CJ제일제당,18954.025157232703,2025-07-04
해찬들 사계절 쌈장(500g),CJ제일제당,5721.739811912225,2025-07-04
해찬들 재래식 된장(1kg),CJ제일제당,10084.613636363636,2025-07-04
해태 바밤바(70ml),해태제과,669.6263736263736,2025-07-04
해태 부라보콘 바닐라(160ml),해태제과,1258.609271523179,2025-07-04
해태 오예스(12개입),해태제과,5455.443037974684,2025-07-04
해표 꽃소금(1kg),해표,2698.2229965156794,2025-07-04
해표 맑고 신선한 식용유(900ml),해표,5671.44,2025-07-04
해표 물엿(1.2kg),사조대림,2430.0,2025-07-04
해표 순창궁 양념쌈장(500g),사조산업,4914.33962264151,2025-07-04
해표 완도미역(100g),사조대림,2750.0,2025-07-04
해표 우리밀 밀가루(750g),사조대림,3428.8888888888887,2025-07-04
해표 카놀라유(900ml),사조대림,9213.207236842105,2025-07-04
해표 포도씨유(900ml),사조대림,12425.487603305784,2025-07-04
해피바스 오리지널컬렉션 라벤더 바디워시(910g),아모레퍼시픽,10076.324503311258,2025-07-04
해피바스 오리지널컬렉션 솝 라벤더 비누(4개),아모레퍼시픽,7162.614173228347,2025-07-04
해피바스 정말 순한 바디밀크(400ml),아모레퍼시픽,9674.670947030498,2025-07-04
해피홈 멸균밴드 패턴 표준형(40매),유한양행,3700.0,2025-07-04
해피홈 탄력아쿠아밴드 표준형(20매),유한양행,4555.0600343053175,2025-07-04
햇님마을 국산 청양 고춧가루(130g),농업회사법인영양에프앤에스,11000.0,2025-07-04
햇반 소프트밀 소고기죽(280g),CJ제일제당,3175.483870967742,2025-07-04
햇반 소프트밀 전복죽(280g),CJ제일제당,3093.793103448276,2025-07-04
햇반 컵반 미역국밥(167g),CJ제일제당,4917.405063291139,2025-07-04
햇반 컵반 철판제육덮밥(256g),CJ제일제당,4893.03265940902,2025-07-04
햇반(210g),CJ제일제당,1958.5778781038375,2025-07-04
햇반(3개입),CJ제일제당,5867.5609756097565,2025-07-04
햇반(6개입),CJ제일제당,8487.09677419355,2025-07-04
햇살드리 수향미(10kg),조암농협미곡종합처리장,45200.0,2025-07-04
행복한콩 부침두부(300g),CJ제일제당,1690.0662251655629,2025-07-04
행복한콩 찌개두부(300g),CJ제일제당,1650.267857142857,2025-07-04
허니버터아몬드(190g),바프,7912.121212121212,2025-07-04
현미(3kg),농업회사법인남양농산,12800.0,2025-07-04
호정가 조청유과(200g),농업회사법인호정가,5984.3859649122805,2025-07-04
홈스타 락스와세제 후로랄파인(750ml),LG생활건강,4904.88782051282,2025-07-04
홈스타 맥스프레쉬 욕실용(900ml),LG생활건강,5849.753424657534,2025-07-04
홈키파 수성 에어졸(500ml),헨켈홈케어코리아,7426.10294117647,2025-07-04
화이트 수퍼흡수 중형(36개입),유한킴벌리,12206.359550561798,2025-07-04
후르트텔라 요구르트향(100g),농심,2267.230769230769,2025-07-04
흰다리새우(100g),일반,3461.8888888888887,2025-07-04
